,MSSubClass,MSZoning,LotFrontage,LotArea,Street,LotShape,1stFlrSF,2ndFlrSF,SalePrice,Total Years
0,5,3,65.0,8450,1,3,856,854,208500,17
1,0,3,80.0,9600,1,3,1262,0,181500,44
2,5,3,68.0,11250,1,0,920,866,223500,19
3,6,3,60.0,9550,1,0,961,756,140000,105
4,5,3,84.0,14260,1,0,1145,1053,250000,20
5,4,3,85.0,14115,1,0,796,566,143000,27
6,0,3,75.0,10084,1,3,1694,0,307000,16
8,4,4,51.0,6120,1,3,1022,752,129900,89
9,14,3,50.0,7420,1,3,1077,0,118000,81
10,0,3,70.0,11200,1,3,1040,0,129500,55
11,5,3,85.0,11924,1,0,1182,1142,345000,15
13,0,3,91.0,10652,1,0,1494,0,279500,14
15,3,4,51.0,6120,1,3,854,0,132000,91
17,10,3,72.0,10791,1,3,1296,0,90000,53
18,0,3,66.0,13695,1,3,1114,0,159000,16
19,0,3,70.0,7560,1,3,1339,0,139000,62
20,5,3,101.0,14215,1,0,1158,1218,325300,15
21,3,4,57.0,7449,1,3,1108,0,139400,90
22,0,3,75.0,9742,1,3,1795,0,230000,18
23,11,4,44.0,4224,1,3,1060,0,129900,44
25,0,3,110.0,14230,1,3,1600,0,256300,13
26,0,3,60.0,7200,1,3,900,0,134800,69
27,0,3,98.0,11478,1,3,1704,0,306000,13
28,0,3,47.0,16321,1,0,1600,0,207500,63
29,1,4,60.0,6324,1,0,520,0,68500,93
30,6,0,50.0,8500,1,3,649,668,40000,100
32,0,3,85.0,11049,1,3,1234,0,179900,13
33,0,3,70.0,10552,1,0,1700,0,165500,61
34,11,3,60.0,7313,1,3,1561,0,277500,15
35,5,3,108.0,13418,1,3,1132,1320,309000,16
36,0,3,112.0,10859,1,3,1097,0,145000,26
37,0,3,74.0,8532,1,3,1297,0,153000,66
38,0,3,68.0,7922,1,3,1057,0,109000,67
39,10,3,65.0,6040,1,3,1152,0,82000,65
40,0,3,84.0,8658,1,3,1324,0,160000,55
41,0,3,115.0,16905,1,3,1328,0,170000,61
44,0,3,70.0,7945,1,3,1150,0,141000,61
45,11,3,61.0,7658,1,3,1752,0,319900,15
46,4,3,48.0,12822,1,0,1518,631,239686,17
47,0,1,84.0,11096,1,3,1656,0,249700,14
48,14,4,33.0,4456,1,3,736,716,113000,100
49,0,3,66.0,7742,1,3,955,0,127000,54
51,4,4,52.0,6240,1,3,816,0,114500,86
52,10,4,110.0,8472,0,1,816,0,110000,57
53,0,3,68.0,50271,1,0,1842,0,385000,39
54,8,3,60.0,7134,1,3,1360,0,130000,65
55,0,3,100.0,10175,1,0,1425,0,180500,56
56,12,1,24.0,2645,1,3,983,756,172500,21
57,5,3,89.0,11645,1,0,860,860,196500,16
58,5,3,66.0,13682,1,1,1426,1519,438780,14
59,0,3,60.0,7200,1,3,780,0,124900,48
60,0,3,63.0,13072,1,3,1158,0,158000,16
61,7,4,60.0,7200,1,3,581,530,101000,100
62,11,3,44.0,6442,1,0,1370,0,202500,14
63,6,4,50.0,10300,1,0,902,808,140000,99
65,5,3,76.0,9591,1,3,1143,1330,317000,16
67,0,3,72.0,10665,1,0,1479,0,226000,17
68,1,4,47.0,4608,1,3,747,0,80000,75
69,4,3,81.0,15593,1,3,1304,983,225000,67
70,0,3,95.0,13651,1,0,2223,0,244000,47
71,0,3,69.0,7599,1,3,845,0,129500,38
72,5,3,74.0,10141,1,0,885,833,185000,22
73,0,3,85.0,10200,1,3,1086,0,144900,66
74,4,4,60.0,5790,1,3,840,765,107400,105
75,13,4,21.0,1596,1,3,526,462,91000,47
77,4,4,50.0,8635,1,3,1072,213,127000,72
78,10,3,72.0,10778,1,3,1768,0,136500,52
79,4,4,60.0,10440,1,3,682,548,110000,110
80,5,3,100.0,13000,1,3,1182,960,193500,52
81,11,4,32.0,4500,1,3,1337,0,153500,22
82,0,3,78.0,10206,1,3,1563,0,245000,13
83,0,3,80.0,8892,1,0,1065,0,126500,60
85,5,3,121.0,16059,1,3,1301,1116,260000,29
86,5,3,122.0,11911,1,1,684,876,174000,15
87,12,1,40.0,3951,1,3,612,612,164500,11
88,4,0,105.0,8470,1,0,1013,0,85000,105
89,0,3,60.0,8070,1,3,990,0,123600,26
90,0,3,60.0,7200,1,3,1040,0,109900,70
91,0,3,85.0,8500,1,3,1235,0,98600,59
92,1,3,80.0,13360,1,0,964,0,163500,99
93,14,0,60.0,7200,1,3,1260,1031,133900,110
94,5,3,69.0,9337,1,0,905,881,204750,23
96,0,3,78.0,10264,1,0,1588,0,214000,21
97,0,3,73.0,10921,1,3,960,0,94750,55
98,1,3,85.0,10625,1,3,835,0,83000,100
99,0,3,77.0,9320,1,0,1225,0,128950,61
101,5,3,77.0,9206,1,3,977,755,178000,35
102,10,3,64.0,7018,1,3,1535,0,118964,41
103,0,3,94.0,10402,1,0,1226,0,198900,11
105,5,1,75.0,9375,1,3,1053,939,250000,17
106,1,4,60.0,10800,1,3,1047,0,100000,135
107,0,4,50.0,6000,1,3,789,0,115000,72
108,4,4,85.0,8500,1,3,997,520,115000,101
109,0,3,105.0,11751,1,0,1844,0,190000,43
110,4,3,75.0,9525,1,3,1216,639,136900,66
112,5,3,77.0,9965,1,3,1282,1414,383970,13
114,6,3,61.0,7259,1,0,1436,884,259500,75
115,12,1,34.0,3230,1,3,729,729,176000,21
117,0,3,74.0,8536,1,3,1125,0,155000,14
118,5,3,90.0,12376,1,3,1699,1523,320000,30
119,5,3,65.0,8461,1,3,728,728,163990,15
121,4,4,50.0,6060,1,3,772,351,100000,81
122,0,3,75.0,9464,1,3,1080,0,136000,62
123,11,3,55.0,7892,1,3,1199,0,153900,27
124,0,3,48.0,17043,1,0,1586,0,181000,41
125,14,4,60.0,6780,1,3,520,0,84500,85
127,3,4,55.0,4388,1,0,840,0,87000,90
128,5,3,69.0,7590,1,3,660,688,155000,54
129,0,3,69.0,8973,1,3,1053,0,150000,62
130,5,3,88.0,14200,1,3,1216,941,226000,54
132,0,3,75.0,7388,1,3,1327,0,150750,61
134,0,3,78.0,10335,1,0,1721,0,180000,52
135,0,3,80.0,10400,1,3,1682,0,174000,50
137,10,3,82.0,11070,1,3,1959,0,171000,32
138,5,3,73.0,9066,1,0,1004,848,230000,21
139,5,3,65.0,15426,1,0,928,836,231500,23
140,0,3,70.0,10500,1,3,864,0,115000,49
141,0,3,78.0,11645,1,3,1734,0,260000,15
142,4,3,71.0,8520,1,3,910,475,166000,68
143,0,3,78.0,10335,1,0,1501,0,204000,21
144,10,4,70.0,9100,1,3,1728,0,125000,57
145,12,4,24.0,2522,1,3,970,739,130000,16
146,1,4,51.0,6120,1,3,875,0,105000,89
148,0,3,63.0,7500,1,3,1080,0,141000,16
150,0,3,120.0,10356,1,3,969,0,122000,45
151,0,3,107.0,13891,1,3,1710,0,372402,13
154,1,4,84.0,11340,1,3,1200,0,125000,97
155,4,3,60.0,9600,1,3,572,524,79000,96
156,0,3,60.0,7200,1,3,1040,0,109500,70
157,5,3,92.0,12003,1,3,774,1194,269500,11
158,5,1,100.0,12552,1,3,991,956,254900,16
159,5,3,134.0,19378,1,0,1392,1070,320000,15
161,5,3,110.0,13688,1,0,1572,1096,412500,17
162,0,3,95.0,12182,1,3,1541,0,220000,15
163,3,3,55.0,5500,1,3,882,0,103200,64
164,2,4,40.0,5400,1,3,1149,467,152000,94
165,14,3,62.0,10106,1,3,808,547,127500,80
167,5,3,86.0,10562,1,3,1610,551,325624,13
168,5,3,62.0,8244,1,0,840,880,183500,16
171,0,3,141.0,31770,1,0,1656,0,215000,60
172,12,3,44.0,5306,1,0,1064,703,239000,33
173,0,3,80.0,10197,1,0,1362,0,163000,59
174,0,3,47.0,12416,1,0,1651,0,184000,34
175,0,3,84.0,12615,1,3,2158,0,243000,70
176,5,3,97.0,10029,1,0,1164,896,211000,32
178,0,3,63.0,17423,1,0,2234,0,501837,12
179,1,4,60.0,8520,1,3,968,0,100000,97
181,6,3,54.0,7588,1,3,901,901,200100,100
182,0,3,60.0,9060,1,3,1340,0,120000,63
183,4,4,63.0,11426,1,3,1362,720,200000,17
184,4,3,92.0,7438,1,0,936,316,127000,112
185,7,4,90.0,22950,1,1,1518,1518,475000,128
187,4,3,60.0,10410,1,3,808,704,135000,104
188,10,3,64.0,7018,1,3,1224,0,153337,41
189,11,3,41.0,4923,1,3,1593,0,286000,19
190,6,3,70.0,10570,1,3,1549,1178,315000,88
192,0,3,68.0,9017,1,0,1431,0,192000,21
193,12,4,24.0,2522,1,3,970,739,130000,16
194,0,3,60.0,7180,1,0,864,0,127000,48
195,12,3,24.0,2280,1,3,855,601,148500,44
196,0,3,79.0,9416,1,3,1726,0,311872,13
197,7,3,174.0,25419,1,3,1360,1360,235000,102
198,7,4,92.0,5520,1,3,929,929,104000,108
199,0,3,76.0,9591,1,3,1713,0,274900,16
200,0,4,80.0,8546,1,3,1121,0,140000,17
201,0,3,75.0,10125,1,3,1279,0,171500,43
202,4,3,50.0,7000,1,3,865,445,112000,96
204,4,4,50.0,3500,1,3,720,564,110000,73
205,0,3,99.0,11851,1,3,1442,0,180500,30
206,0,3,40.0,13673,1,0,1696,0,143900,58
209,0,3,75.0,8250,1,3,1092,0,145000,56
210,1,3,67.0,5604,1,3,864,0,98000,95
211,0,3,83.0,10420,1,3,1212,0,186000,11
212,5,1,72.0,8640,1,3,932,920,252678,11
213,0,3,43.0,13568,1,1,990,0,156000,25
215,0,3,72.0,10011,1,0,1236,0,134450,63
216,0,3,65.0,8450,1,3,1436,0,210000,16
217,6,4,57.0,9906,1,3,810,518,107000,95
219,11,3,43.0,3010,1,3,1248,0,167240,15
220,0,3,73.0,8990,1,0,1498,0,204900,14
222,5,3,85.0,11475,1,3,811,741,179900,45
223,0,3,70.0,10500,1,3,864,0,97000,49
224,0,3,103.0,13472,1,3,2392,0,386250,17
225,12,4,21.0,1680,1,3,630,672,112000,49
226,5,3,82.0,9950,1,0,1214,1306,290000,25
227,12,4,21.0,1869,1,3,483,504,106000,50
228,0,3,70.0,8521,1,3,912,0,125000,53
229,11,3,43.0,3182,1,3,1555,0,192500,15
230,0,3,73.0,8760,1,3,1194,0,148000,61
231,5,3,174.0,15138,1,0,1490,1304,403000,25
232,12,4,21.0,1680,1,3,483,504,94500,48
233,0,3,75.0,10650,1,3,894,0,128200,44
235,12,4,21.0,1680,1,3,483,504,89500,49
236,0,3,65.0,8773,1,3,1414,0,185500,16
238,0,3,93.0,12030,1,3,1694,0,318000,13
239,4,3,52.0,8741,1,3,798,689,113000,75
240,0,1,75.0,9000,1,3,1566,0,262500,12
241,1,4,40.0,3880,1,3,866,0,110500,75
242,4,4,63.0,5000,1,3,889,551,79000,120
243,12,3,75.0,10762,1,3,626,591,120000,40
245,0,3,80.0,10400,1,3,1872,0,241500,32
246,14,4,69.0,9142,1,3,908,1020,137000,110
247,0,3,75.0,11310,1,3,1375,0,140000,66
248,5,3,72.0,11317,1,3,840,828,180000,17
250,1,3,55.0,5350,1,0,1306,0,76500,80
251,11,4,44.0,4750,1,0,1625,0,235000,14
252,5,3,65.0,8366,1,0,798,842,173000,16
253,8,3,85.0,9350,1,3,1302,0,158000,56
254,0,3,70.0,8400,1,3,1314,0,145000,63
255,5,3,66.0,8738,1,0,1005,1286,230000,21
256,5,1,64.0,8791,1,0,864,864,207500,17
257,0,3,68.0,8814,1,3,1604,0,220000,14
258,5,3,80.0,12435,1,3,963,829,231500,19
259,0,4,70.0,12702,1,3,882,0,97000,64
260,8,3,120.0,19296,1,3,1382,0,176000,58
261,5,3,69.0,9588,1,0,1482,1092,276000,13
262,8,3,88.0,8471,1,0,1212,0,151000,43
263,4,4,50.0,5500,1,3,926,0,130000,91
264,1,4,30.0,5232,1,2,764,0,73000,95
265,0,3,78.0,12090,1,0,1422,0,175500,39
266,5,3,70.0,11207,1,0,802,709,185000,23
267,7,3,60.0,8400,1,3,1052,720,179500,81
268,1,4,71.0,6900,1,3,778,0,120500,80
270,5,1,84.0,10728,1,3,1095,844,266000,14
271,0,3,73.0,39104,1,0,1363,0,241500,66
272,5,3,92.0,11764,1,0,1164,1106,290000,21
273,0,3,80.0,9600,1,3,1632,0,139000,62
274,0,3,76.0,8314,1,3,816,0,124500,38
275,4,3,55.0,7264,1,3,952,596,205000,95
276,0,3,129.0,9196,1,0,1560,0,201000,17
277,0,3,140.0,19138,1,3,864,0,141000,69
278,0,3,107.0,14450,1,3,2121,0,415298,14
279,5,3,83.0,10005,1,3,1156,866,192000,43
280,5,3,82.0,11287,1,3,1175,807,228500,31
281,0,1,60.0,7200,1,3,1262,0,185000,14
282,11,3,34.0,5063,1,3,1314,0,207500,13
283,0,3,74.0,9612,1,3,1468,0,244600,12
284,11,3,50.0,8012,1,3,1575,0,179200,28
285,12,1,35.0,4251,1,0,625,625,164700,14
286,4,3,77.0,9786,1,0,1085,649,159000,58
289,6,3,60.0,8730,1,3,698,698,153575,105
290,5,3,120.0,15611,1,3,1079,840,233230,14
291,14,3,55.0,5687,1,3,936,780,135900,108
292,4,3,60.0,11409,1,3,1148,568,131000,71
294,0,3,80.0,9600,1,3,1644,0,167000,67
295,8,3,37.0,7937,1,0,1003,0,142500,36
296,4,4,75.0,13710,1,3,910,648,152000,70
297,5,1,66.0,7399,1,0,975,975,239000,23
298,5,3,90.0,11700,1,3,1041,702,175000,52
299,0,3,80.0,14000,1,3,1152,0,158500,70
300,14,3,90.0,15750,1,3,1336,0,157000,67
301,5,3,66.0,16226,1,2,1210,1242,267000,22
302,0,3,118.0,13704,1,0,1541,0,205000,19
303,0,3,70.0,9800,1,3,894,0,149900,48
304,7,4,87.0,18386,1,3,1675,1818,295000,140
305,0,3,80.0,10386,1,3,2000,0,305900,16
306,5,3,116.0,13474,1,3,1122,1121,225000,30
309,0,3,90.0,12378,1,0,1944,0,360000,17
311,0,3,50.0,8000,1,3,972,0,132000,72
312,14,4,65.0,7800,1,3,793,325,119900,81
313,0,3,150.0,215245,1,2,2036,0,375000,55
314,6,4,60.0,9600,1,3,832,809,178000,95
315,5,3,71.0,7795,1,0,716,716,188500,16
316,5,3,94.0,13005,1,0,1153,1200,260000,40
317,5,1,75.0,9000,1,3,1088,871,270000,14
318,5,3,90.0,9900,1,3,1372,1274,260000,27
320,5,3,111.0,16259,1,3,1249,1347,342643,14
321,5,3,99.0,12099,1,0,1136,1332,354000,16
322,5,3,86.0,10380,1,0,1553,1177,301000,34
323,0,4,49.0,5820,1,3,1163,0,126175,65
324,8,3,96.0,11275,1,3,1898,1080,242000,53
325,3,4,50.0,5000,1,3,803,0,87000,79
326,11,3,32.0,10846,1,0,1719,0,324000,27
327,0,3,80.0,11600,1,3,1383,0,145250,60
329,6,4,60.0,6402,1,3,596,596,78000,100
331,0,3,70.0,8176,1,3,1056,0,139000,62
332,0,3,85.0,10655,1,0,1629,0,284000,17
333,11,4,59.0,8198,1,3,1358,0,207000,16
334,5,3,59.0,9042,1,0,943,695,192000,22
336,0,3,86.0,14157,1,0,1922,0,377426,15
337,0,3,70.0,9135,1,3,1536,0,214000,18
338,0,3,91.0,14145,1,3,1621,0,202500,36
339,0,3,66.0,12400,1,0,1215,0,155000,62
340,5,3,85.0,14191,1,3,993,915,202900,18
341,0,2,60.0,8400,1,3,841,0,82000,70
343,11,3,63.0,8849,1,0,1684,0,266000,15
344,12,4,36.0,2592,1,3,536,576,85000,44
345,4,3,65.0,6435,1,3,972,605,140200,81
348,12,3,36.0,2448,1,3,764,862,154000,17
349,5,3,56.0,20431,1,1,1848,880,437154,15
350,11,3,68.0,7820,1,0,1869,0,318061,13
352,4,3,60.0,9084,1,3,616,495,95000,79
353,1,4,60.0,8520,1,3,720,0,105900,92
354,4,3,60.0,8400,1,3,1192,403,140000,80
355,0,3,105.0,11249,1,1,1200,0,177500,25
357,11,4,44.0,4224,1,3,1142,0,134000,44
358,8,3,92.0,6930,1,0,1352,0,130000,62
359,5,3,78.0,12011,1,0,1086,838,280000,22
362,9,3,64.0,7301,1,3,495,1427,198500,17
363,12,4,21.0,1680,1,3,483,504,118000,48
365,6,4,59.0,10690,1,3,672,672,147000,100
367,8,3,101.0,9150,1,0,1431,0,165000,58
368,0,3,78.0,7800,1,3,1268,0,132000,66
371,4,3,80.0,17120,1,3,1120,468,134432,61
372,11,3,50.0,7175,1,3,752,0,125000,36
373,0,3,79.0,10634,1,3,1319,0,123000,67
374,5,3,65.0,8200,1,3,847,1081,219500,17
376,9,3,57.0,8846,1,0,914,0,148000,24
377,5,1,102.0,11143,1,0,1580,886,340000,16
378,0,3,88.0,11394,1,3,1856,0,394432,10
379,5,3,60.0,8123,1,0,1007,793,179000,20
380,4,3,50.0,5000,1,3,1026,665,127000,96
381,0,1,60.0,7200,1,3,1301,0,187750,14
382,5,3,79.0,9245,1,0,939,858,213500,14
383,3,2,60.0,9000,1,3,784,0,76000,92
385,11,3,43.0,3182,1,3,1269,0,192000,16
386,4,3,58.0,8410,1,3,658,526,81000,110
387,8,3,72.0,7200,1,3,1125,0,125000,44
388,0,3,93.0,9382,1,0,1479,0,191000,21
389,5,3,96.0,12474,1,3,1742,590,426000,13
390,4,3,50.0,8405,1,3,961,406,119000,120
391,5,3,71.0,12209,1,0,804,1157,215000,19
394,4,3,60.0,10134,1,3,735,299,109000,80
395,0,3,68.0,9571,1,3,1144,0,129000,64
396,0,3,60.0,7200,1,3,894,0,123000,48
397,5,3,69.0,7590,1,3,876,936,169500,58
398,1,4,60.0,8967,1,3,1077,0,67000,100
399,5,1,65.0,8125,1,3,1112,438,241000,14
400,11,3,38.0,14963,1,1,1288,0,245500,24
401,0,3,65.0,8767,1,0,1310,0,164990,15
402,1,3,60.0,10200,1,3,672,0,108000,80
403,5,3,93.0,12090,1,3,1165,1098,258000,22
406,4,3,51.0,10480,1,3,1166,0,115000,84
407,6,3,63.0,15576,1,3,840,840,177000,105
408,5,3,109.0,14154,1,3,1071,1101,280000,14
409,5,1,85.0,10800,1,3,1050,1028,339750,13
410,0,3,68.0,9571,1,3,1276,0,60000,62
411,14,3,100.0,34650,1,3,1056,0,145000,65
413,1,4,56.0,8960,1,3,1028,0,115000,93
414,5,3,59.0,11228,1,1,1080,1017,228000,27
415,0,3,73.0,8899,1,0,1340,0,181134,13
416,5,3,74.0,7844,1,3,672,728,149500,42
417,6,3,86.0,22420,1,0,1370,1254,239000,102
418,4,3,60.0,8160,1,3,756,378,126000,80
419,0,3,65.0,8450,1,3,1056,0,142000,52
420,10,4,78.0,7060,1,3,1344,0,206300,23
422,0,3,100.0,21750,1,3,988,0,113000,66
423,5,3,80.0,9200,1,3,1470,1160,315000,22
424,0,3,72.0,9000,1,3,1196,0,139000,64
425,5,4,60.0,3378,1,3,707,682,135000,74
427,0,3,77.0,8593,1,0,907,0,109008,63
428,0,3,64.0,6762,1,3,1208,0,195400,13
429,0,3,130.0,11457,1,0,1412,0,175000,32
430,12,4,21.0,1680,1,3,483,504,85400,49
431,4,4,60.0,5586,1,0,1088,110,79900,100
432,12,4,24.0,1920,1,3,765,600,122500,49
433,5,3,100.0,10839,1,0,926,678,181000,23
434,13,4,21.0,1890,1,3,630,0,81000,48
435,5,3,43.0,10667,1,1,827,834,212000,24
436,4,4,40.0,4400,1,3,734,384,116000,100
437,3,4,50.0,6000,1,3,904,0,119000,94
438,1,3,40.0,4280,1,3,694,0,90350,107
439,4,3,67.0,12354,1,3,684,512,110000,100
440,0,3,105.0,15431,1,3,2402,0,555000,12
441,10,3,92.0,12108,1,3,1440,0,118000,65
442,4,4,52.0,6240,1,3,1128,445,162900,90
443,11,3,53.0,3922,1,3,1258,0,172500,14
444,5,3,70.0,8750,1,3,933,975,210000,26
445,0,3,73.0,9855,1,3,1689,0,127500,64
446,0,3,137.0,16492,1,0,1888,0,190000,54
448,4,4,50.0,8600,1,3,780,596,119500,83
449,4,4,50.0,6000,1,3,679,504,120000,72
450,1,4,70.0,5684,1,3,813,0,110000,90
451,0,3,62.0,70761,1,0,1533,0,280000,45
453,5,1,75.0,9000,1,3,786,804,210000,12
454,10,3,63.0,9297,1,3,1728,0,188000,44
455,0,3,80.0,9600,1,3,1242,0,175500,47
456,6,4,34.0,4571,1,3,624,720,98000,104
460,5,1,75.0,8004,1,0,832,1103,263435,11
461,6,3,60.0,7200,1,3,575,560,155000,84
462,0,3,60.0,8281,1,0,864,0,62383,55
463,6,3,74.0,11988,1,0,849,811,188700,86
464,0,3,60.0,8430,1,3,1040,0,124000,42
466,0,3,85.0,10628,1,3,1277,0,167000,50
467,6,3,79.0,9480,1,3,888,756,146500,78
468,0,3,98.0,11428,1,0,1634,0,250000,14
469,5,3,76.0,9291,1,0,832,878,187000,27
471,5,3,92.0,11952,1,3,1161,808,190000,43
472,13,4,35.0,3675,1,3,1072,0,148000,15
473,0,3,110.0,14977,1,0,1976,0,440000,14
474,11,3,41.0,5330,1,3,1652,0,251000,20
475,0,3,80.0,8480,1,3,970,0,132500,57
476,0,3,75.0,13125,1,3,1493,0,208900,23
477,5,3,105.0,13693,1,3,2069,574,380000,14
478,0,3,79.0,10637,1,3,1718,0,297000,13
479,1,4,50.0,5925,1,3,1131,0,89471,83
480,0,3,98.0,16033,1,0,1850,0,326000,16
481,0,3,72.0,11846,1,0,1792,0,374000,17
482,6,4,50.0,2500,1,3,916,910,155000,105
483,11,4,32.0,4500,1,3,1216,0,164000,22
485,0,3,80.0,9600,1,3,1113,0,147000,70
486,0,3,79.0,10289,1,3,1073,0,156000,55
487,0,3,70.0,12243,1,0,1484,0,175000,49
488,14,3,60.0,10800,1,3,1766,648,160000,120
489,13,4,21.0,1526,1,3,630,0,86000,50
491,4,3,79.0,9490,1,3,958,620,133000,79
492,5,3,105.0,15578,1,0,728,728,172785,14
493,0,3,70.0,7931,1,3,1269,0,155000,60
494,1,4,50.0,5784,1,3,886,0,91300,82
495,1,0,60.0,7879,1,3,720,0,34900,100
497,4,3,60.0,9120,1,3,1133,687,184000,95
498,0,3,65.0,7800,1,3,899,0,130000,53
499,0,3,70.0,7535,1,0,912,0,120000,62
500,12,4,21.0,1890,1,3,672,546,113000,47
501,5,1,75.0,9803,1,3,866,902,226700,15
502,0,3,70.0,9170,1,3,1214,0,140000,55
503,0,3,100.0,15602,1,0,1801,0,289000,61
504,12,3,24.0,2308,1,3,855,467,147000,46
505,10,4,60.0,7596,1,3,960,1000,124500,68
506,5,3,80.0,9554,1,0,1065,846,215000,27
507,0,1,75.0,7862,1,0,1218,0,208300,11
508,6,4,60.0,9600,1,3,689,689,161000,92
509,0,3,80.0,9600,1,3,1041,0,124500,61
510,0,3,75.0,14559,1,3,1363,0,164900,69
511,11,3,40.0,6792,1,0,1368,0,202665,15
512,0,3,70.0,9100,1,3,864,0,129900,62
513,0,3,71.0,9187,1,3,1080,0,134000,37
514,3,3,55.0,10594,1,3,789,0,96500,94
515,0,3,94.0,12220,1,3,2020,0,402861,11
517,5,3,79.0,10208,1,0,1277,1067,265000,24
519,6,3,53.0,10918,1,3,1276,804,234000,94
520,14,3,60.0,10800,1,3,694,600,106250,120
521,0,3,90.0,11988,1,0,1244,0,150000,63
522,4,4,50.0,5000,1,3,1004,660,159000,73
523,5,3,130.0,40094,1,0,3138,1538,184750,13
524,5,3,95.0,11787,1,0,1383,1015,315750,24
525,0,1,62.0,7500,1,3,1266,0,176000,15
526,0,3,70.0,13300,1,3,928,0,132000,64
527,5,3,67.0,14948,1,0,1476,1237,446261,12
528,1,3,58.0,9098,1,0,605,0,86000,100
530,8,3,85.0,10200,1,3,1509,0,175000,32
531,6,4,60.0,6155,1,0,751,611,128000,100
532,0,3,60.0,7200,1,3,827,0,107500,65
533,0,3,50.0,5000,1,3,334,0,39300,74
534,5,3,74.0,9056,1,0,707,707,178000,16
535,14,3,70.0,7000,1,3,820,527,107500,110
536,5,3,57.0,8924,1,0,880,844,188000,22
540,0,3,85.0,14601,1,3,1838,0,315000,14
542,0,3,78.0,10140,1,3,1680,0,213250,22
543,11,2,34.0,4058,1,3,767,0,133000,22
544,5,3,58.0,17104,1,0,664,832,179665,14
546,4,3,70.0,8737,1,0,915,720,210000,97
547,9,3,54.0,7244,1,3,768,0,129500,50
548,0,4,49.0,8235,1,0,825,0,125000,65
549,5,1,75.0,9375,1,3,912,1182,263000,17
550,11,3,53.0,4043,1,3,1069,0,140000,43
551,0,4,50.0,6000,1,3,928,0,112500,63
552,0,3,87.0,11146,1,0,1717,0,255500,14
553,0,3,67.0,8777,1,3,1126,0,108000,71
554,5,3,85.0,10625,1,3,1006,1040,284000,17
555,3,4,58.0,6380,1,3,1048,0,113000,98
556,0,3,69.0,14850,1,0,1092,0,141000,63
557,4,0,60.0,11040,1,3,897,439,108000,100
558,5,3,57.0,21872,1,1,729,717,175000,24
561,0,3,77.0,10010,1,3,1389,0,170000,46
562,1,3,63.0,13907,1,3,996,0,108000,80
563,4,3,66.0,21780,1,3,1163,511,185000,102
565,6,3,66.0,6858,1,3,841,806,128000,105
566,5,3,77.0,11198,1,0,1134,1370,325000,15
567,0,3,70.0,10171,1,0,1535,0,214000,16
568,4,3,79.0,12327,1,0,1496,636,316600,37
570,10,3,74.0,13101,1,0,1728,0,142600,55
571,0,3,60.0,7332,1,3,864,0,120000,61
572,5,3,83.0,13159,1,0,846,846,224500,11
573,8,3,76.0,9967,1,0,774,656,170000,20
574,8,3,70.0,10500,1,3,576,533,139000,49
575,4,3,80.0,8480,1,3,832,384,118500,73
576,4,3,52.0,6292,1,3,877,600,145000,92
577,8,3,96.0,11777,1,0,1320,0,164500,54
578,12,1,34.0,3604,1,3,703,689,146000,13
579,4,4,81.0,12150,1,3,1050,745,131500,66
581,0,3,98.0,12704,1,3,2042,0,253293,12
582,10,3,81.0,11841,0,3,816,0,118500,30
583,7,4,75.0,13500,1,3,1521,1254,325000,127
584,4,4,51.0,6120,1,3,989,584,133000,85
585,0,3,88.0,11443,1,3,2028,0,369900,15
586,1,3,55.0,10267,1,3,838,0,130000,102
587,9,3,74.0,8740,1,0,860,0,137000,38
588,0,3,65.0,25095,1,0,1473,0,143000,52
589,2,4,50.0,9100,1,3,779,0,79500,90
590,5,3,64.0,8320,1,3,770,812,185900,16
591,5,3,97.0,13478,1,0,1728,568,451950,12
592,0,3,60.0,6600,1,3,816,0,138000,38
594,0,3,88.0,7990,1,0,924,0,110000,45
595,0,3,69.0,11302,1,0,1826,0,319000,15
596,6,4,60.0,3600,1,3,684,684,114504,110
597,11,3,53.0,3922,1,3,1402,0,194201,14
598,0,3,80.0,12984,1,3,1647,0,217500,43
599,12,4,24.0,1950,1,3,716,840,151000,40
600,5,3,74.0,10927,1,3,1058,846,275000,15
601,4,4,50.0,9000,1,3,780,595,141000,83
602,5,3,80.0,10041,1,0,927,988,220000,28
603,12,1,30.0,3182,1,3,600,600,151000,16
604,0,3,88.0,12803,1,0,1494,0,221000,18
605,5,3,85.0,13600,1,3,1186,800,205000,55
606,0,3,82.0,12464,1,1,1040,0,152000,24
607,0,3,78.0,7800,1,3,1112,896,225000,72
608,6,3,78.0,12168,1,3,1940,1254,359100,86
609,0,3,61.0,7943,1,3,1029,0,118500,59
613,0,3,70.0,8402,1,3,1120,0,147000,13
614,13,4,21.0,1491,1,3,630,0,75500,48
615,9,3,80.0,8800,1,3,1054,0,137500,57
617,3,3,59.0,7227,1,3,832,0,105500,66
618,0,3,90.0,11694,1,3,1828,0,314813,13
619,5,3,85.0,12244,1,3,1482,780,305000,17
620,1,3,45.0,8248,1,3,864,0,67000,106
621,5,3,90.0,10800,1,3,1548,1066,240000,46
622,0,3,71.0,7064,1,3,980,0,135000,43
624,5,3,80.0,10400,1,3,1012,778,165150,48
625,0,3,87.0,10000,1,0,1116,0,160000,58
627,8,3,80.0,9600,1,3,1520,0,153000,65
628,5,3,70.0,11606,1,0,1040,1040,135000,51
629,8,3,82.0,9020,1,3,1350,0,168500,56
630,6,4,50.0,9000,1,3,1089,661,124000,140
631,11,3,34.0,4590,1,3,1554,0,209500,14
632,0,3,85.0,11900,1,3,1411,0,82500,43
633,0,3,80.0,9250,1,3,1056,0,139400,66
634,10,3,64.0,6979,1,3,1056,0,144000,40
635,14,2,60.0,10896,1,3,1440,1440,200000,106
636,1,4,51.0,6120,1,3,800,0,60000,84
637,14,4,50.0,6000,1,3,811,576,93000,66
638,1,3,67.0,8777,1,3,796,0,85000,110
639,11,3,53.0,3982,1,3,1567,0,264561,14
640,11,3,62.0,12677,1,0,1518,0,274000,17
642,8,3,75.0,13860,1,3,2000,704,345000,48
643,5,3,80.0,10793,1,3,780,840,152000,51
644,0,1,85.0,9187,1,3,1766,0,370878,11
646,0,3,60.0,7200,1,3,1048,0,98300,70
647,0,3,85.0,10452,1,0,1094,0,155000,67
648,5,3,70.0,7700,1,3,1051,788,155000,54
649,13,4,21.0,1936,1,3,630,0,84500,50
650,5,1,65.0,8125,1,3,822,843,205950,13
651,6,3,60.0,9084,1,3,755,755,108000,80
652,5,3,70.0,8750,1,3,909,807,191000,24
653,4,4,60.0,10320,1,3,756,713,135000,114
654,0,3,91.0,10437,1,0,2113,0,350000,25
655,12,4,21.0,1680,1,3,525,567,88000,49
656,0,3,72.0,10007,1,0,1053,0,145500,61
657,6,3,60.0,7200,1,3,851,651,149000,89
658,4,3,78.0,17503,1,3,912,546,97500,72
659,0,3,75.0,9937,1,3,1486,0,167000,56
661,5,3,52.0,46589,1,1,1686,762,402000,26
662,0,3,120.0,13560,1,3,1392,0,110000,52
663,9,3,90.0,10012,1,3,1181,0,137500,48
664,0,3,49.0,20896,1,1,2097,0,423000,15
665,5,3,106.0,11194,1,0,1454,482,230500,20
667,0,3,65.0,8125,1,3,1679,0,193500,26
669,1,3,80.0,11600,1,3,1180,0,137500,98
670,5,3,64.0,8633,1,3,738,738,173500,15
671,6,2,54.0,6629,1,3,697,672,103600,95
673,0,3,110.0,14442,1,3,1839,0,257500,63
674,0,3,80.0,9200,1,3,1136,0,140000,55
675,12,3,24.0,2289,1,3,855,586,148500,42
676,6,4,60.0,9600,1,3,1095,679,87000,120
677,1,3,52.0,9022,1,3,792,0,109500,96
678,0,3,80.0,11844,1,0,2046,0,372500,12
680,11,3,50.0,8012,1,3,923,0,143000,40
681,4,2,55.0,4500,1,1,848,672,159434,88
683,0,3,90.0,11248,1,0,1668,0,285000,18
684,5,3,58.0,16770,1,1,1195,644,221000,22
686,5,1,84.0,10207,1,3,874,887,227875,13
688,0,3,60.0,8089,1,3,1419,0,392000,13
689,11,3,61.0,7577,1,0,1362,0,194700,15
691,5,3,104.0,21535,1,0,2444,1872,755000,26
692,5,3,42.0,26178,1,0,1238,1281,335000,31
693,1,3,60.0,5400,1,3,1073,0,108480,99
694,4,4,51.0,6120,1,3,1067,472,141500,84
695,0,3,54.0,13811,1,0,1137,0,176000,33
696,1,4,50.0,6000,1,3,616,0,89000,99
697,0,3,57.0,6420,1,0,1148,0,123500,68
698,0,3,65.0,8450,1,3,894,0,138500,55
699,11,1,59.0,4282,1,1,1391,0,196000,16
700,0,3,85.0,14331,1,3,1800,0,312500,18
701,0,3,80.0,9600,1,3,1164,0,140000,51
702,5,3,82.0,12438,1,0,1264,1312,361919,14
703,14,4,76.0,7630,1,3,1032,780,140000,120
704,0,3,70.0,8400,1,3,1484,0,213000,16
705,14,4,70.0,5600,1,3,372,720,55000,90
707,11,3,48.0,6240,1,3,1324,0,254000,14
708,5,3,65.0,9018,1,0,728,728,179540,13
710,1,3,56.0,4130,1,0,729,0,52000,85
711,4,0,66.0,8712,1,3,859,319,102776,120
712,11,3,40.0,4671,1,0,1228,0,189000,32
713,14,3,60.0,9873,1,3,960,0,129000,50
715,0,3,78.0,10140,1,3,1350,0,165000,46
716,6,4,60.0,10800,1,3,1576,978,159500,130
717,0,3,80.0,10000,1,3,1178,0,157000,47
718,5,3,96.0,10542,1,3,1325,1093,341000,27
719,0,3,69.0,9920,1,0,971,0,128500,51
722,0,3,70.0,8120,1,3,864,0,124500,50
723,4,3,60.0,8172,1,3,997,473,135000,66
724,0,3,86.0,13286,1,0,1698,0,320000,13
725,0,3,60.0,6960,1,3,864,0,120500,50
727,0,3,64.0,7314,1,3,1232,0,194500,13
728,10,3,85.0,11475,1,3,1776,0,110000,62
729,1,4,52.0,6240,1,3,848,0,103000,95
730,11,3,39.0,5389,1,0,1616,0,236500,25
731,8,3,73.0,9590,1,0,1146,0,187500,17
732,5,3,75.0,11404,1,0,1153,878,222500,22
733,0,3,80.0,10000,1,3,1144,0,131400,59
735,7,4,60.0,10800,1,3,880,888,163000,106
736,10,3,60.0,8544,1,3,1040,0,93500,70
737,5,3,72.0,10463,1,0,901,900,239900,15
738,10,3,60.0,10800,1,3,1200,0,179000,33
739,5,3,65.0,9313,1,0,864,864,190000,16
740,6,4,60.0,9600,1,3,768,664,132000,110
741,0,3,65.0,6768,1,0,912,0,142000,59
742,0,3,65.0,8450,1,3,1349,0,179000,20
743,8,3,70.0,12886,1,0,1464,0,175000,57
744,11,3,41.0,5395,1,0,1337,0,180000,27
747,6,4,65.0,11700,1,0,1320,1320,265979,140
748,0,3,59.0,10593,1,0,1720,0,260400,24
749,4,3,50.0,8405,1,3,1088,441,98000,75
750,4,4,55.0,8800,1,3,792,348,96500,110
752,0,3,79.0,9236,1,0,1494,0,217000,23
753,5,3,80.0,10240,1,3,1038,1060,275500,15
754,0,3,61.0,7930,1,3,1026,0,156000,51
755,12,1,34.0,3230,1,3,742,729,172500,21
756,5,3,68.0,10769,1,0,866,902,212000,13
758,12,1,24.0,2280,1,3,757,744,179400,21
759,5,3,65.0,12257,1,0,1328,1203,290000,25
760,0,3,70.0,9100,1,3,864,0,127500,61
761,1,4,60.0,6911,1,3,1301,0,100000,96
762,5,1,72.0,8640,1,3,764,783,215200,11
763,5,3,82.0,9430,1,3,1268,1097,337000,21
764,11,3,30.0,9549,1,0,1494,0,270000,25
765,0,3,75.0,14587,1,0,1506,0,264132,12
766,5,3,80.0,10421,1,3,980,734,196500,32
767,4,3,75.0,12508,1,0,983,767,160000,80
768,0,3,70.0,9100,1,3,1836,0,216837,16
769,5,3,47.0,53504,1,1,1690,1589,538000,17
771,0,3,67.0,8877,1,3,1220,0,102000,69
772,8,3,94.0,7819,1,3,1117,0,107000,44
773,0,3,70.0,10150,1,3,912,0,114500,62
774,0,3,110.0,14226,1,3,1973,0,395000,14
775,11,4,32.0,4500,1,3,1204,0,162000,22
776,0,3,86.0,11210,1,0,1614,0,221500,15
777,0,3,100.0,13350,1,0,894,0,142500,46
778,10,2,60.0,8400,1,3,2020,0,144000,43
779,10,3,78.0,10530,1,3,1004,0,135000,43
780,0,3,63.0,7875,1,3,1253,0,176000,25
781,5,3,65.0,7153,1,3,810,793,175900,28
782,0,3,67.0,16285,1,1,1430,0,187100,19
784,7,4,35.0,6300,1,3,742,742,128000,106
786,4,4,60.0,10800,1,3,966,686,139000,105
787,5,3,76.0,10142,1,0,956,1128,233000,16
788,0,4,50.0,6000,1,3,901,0,107900,66
790,11,3,43.0,3182,1,3,1145,0,160200,15
792,5,3,92.0,9920,1,0,1127,886,269790,24
793,0,3,76.0,9158,1,3,1496,0,225000,13
795,5,3,70.0,8400,1,3,888,676,171000,40
796,0,3,71.0,8197,1,3,1285,0,143500,43
797,0,3,57.0,7677,1,3,773,0,110000,67
798,5,3,104.0,13518,1,3,1966,1174,485000,12
799,4,3,60.0,7200,1,3,981,787,175000,83
800,5,3,79.0,12798,1,0,616,1072,200000,23
801,1,4,40.0,4800,1,3,1196,0,109900,104
802,5,3,63.0,8199,1,3,728,728,189000,15
803,5,3,107.0,13891,1,3,1734,1088,582933,12
804,0,3,75.0,9000,1,3,1128,0,118000,66
805,0,3,91.0,12274,1,0,1428,0,227680,12
806,8,3,75.0,9750,1,3,980,0,135500,53
807,6,3,144.0,21384,1,3,1072,504,223500,97
808,8,3,85.0,13400,1,3,1086,0,159950,54
809,7,4,90.0,8100,1,3,1075,1063,106000,122
810,0,3,78.0,10140,1,3,1309,0,181000,46
812,0,0,66.0,8712,0,3,1044,0,55993,68
813,0,3,75.0,9750,1,3,1442,0,157900,62
814,4,3,45.0,8248,1,3,686,564,116000,102
815,0,3,48.0,12137,1,1,1661,0,224900,22
818,8,3,80.0,8816,1,3,1052,0,155000,49
819,11,3,44.0,6371,1,0,1358,0,224000,11
820,5,3,72.0,7226,1,0,798,842,183000,17
821,0,4,60.0,6000,1,3,936,0,93000,67
823,4,3,60.0,9900,1,3,944,545,139500,80
824,0,1,81.0,11216,1,3,1489,0,232600,14
825,0,3,114.0,14803,1,3,2084,0,385000,13
826,3,4,50.0,6130,1,3,784,0,109500,96
827,0,3,65.0,8529,1,0,1434,0,189000,19
829,12,1,24.0,2544,1,3,520,623,147400,15
830,0,3,80.0,11900,1,0,1392,0,166000,63
831,12,1,30.0,3180,1,3,520,600,151000,15
832,5,3,44.0,9548,1,0,941,888,237000,17
833,0,3,100.0,10004,1,3,1516,0,167000,56
834,0,3,75.0,7875,1,3,1144,0,139950,59
835,0,3,60.0,9600,1,3,1067,0,128000,70
836,1,4,90.0,8100,1,3,1559,0,153500,72
837,12,4,21.0,1680,1,3,483,504,100000,47
838,0,3,75.0,9525,1,3,1099,0,144000,25
839,4,3,70.0,11767,1,3,768,432,130500,74
841,6,4,60.0,10440,1,3,958,581,157500,116
842,8,3,82.0,9020,1,3,1165,0,174900,54
843,10,3,80.0,8000,1,3,1800,0,141000,59
844,4,4,100.0,12665,1,0,876,540,153900,105
846,5,3,75.0,9317,1,3,1006,769,213000,27
847,0,3,36.0,15523,1,0,864,0,133500,48
848,4,3,75.0,45600,1,1,1307,1051,240000,112
849,8,3,80.0,9600,1,3,1094,761,187000,44
850,11,4,36.0,4435,1,3,848,0,131500,17
852,7,3,53.0,7128,1,3,918,728,164000,79
854,0,3,102.0,17920,1,3,1779,0,170000,65
857,5,3,65.0,8125,1,3,702,779,174000,26
858,0,3,80.0,10400,1,3,1370,0,152000,44
860,4,3,55.0,7642,1,3,912,514,189950,102
861,14,3,75.0,11625,1,3,1039,0,131500,55
862,0,3,81.0,9672,1,3,1097,0,152000,36
863,0,3,70.0,7931,1,3,1148,0,132500,61
864,0,1,72.0,8640,1,3,1372,0,250580,13
866,0,3,67.0,10656,1,0,1646,0,248900,14
867,0,3,85.0,6970,1,3,1120,0,129000,59
869,5,3,80.0,9938,1,3,1062,887,236000,27
870,0,3,60.0,6600,1,3,894,0,109500,58
871,5,3,70.0,8750,1,3,804,878,200500,22
872,0,3,74.0,8892,1,3,910,0,116000,67
873,2,3,60.0,12144,1,3,1036,0,133000,71
874,4,4,52.0,5720,1,3,676,455,66500,79
875,5,1,75.0,9000,1,3,1184,1426,303477,13
876,0,3,94.0,25286,1,3,1040,0,132250,57
877,5,3,74.0,8834,1,3,1462,762,350000,16
878,9,3,88.0,11782,1,0,1155,0,148000,59
880,0,3,60.0,7024,1,3,1090,0,157000,15
881,4,3,44.0,13758,1,0,1187,530,187500,30
883,7,3,60.0,6204,1,3,954,795,118500,108
884,0,3,65.0,7150,1,3,892,0,100000,53
885,11,1,50.0,5119,1,0,1709,0,328900,21
886,10,3,70.0,8393,1,3,1712,0,145000,61
887,4,3,59.0,16466,1,0,872,521,135500,65
888,0,3,95.0,15865,1,0,2217,0,268000,50
889,0,3,128.0,12160,1,3,1505,0,149500,67
890,4,3,60.0,8064,1,3,672,252,122900,71
891,5,3,70.0,11184,1,3,918,765,172500,42
892,0,3,70.0,8414,1,3,1068,0,154500,57
894,10,3,64.0,7018,1,3,1535,0,118858,41
895,5,3,71.0,7056,1,3,983,813,140000,57
896,1,4,50.0,8765,1,3,951,0,106500,84
897,10,3,64.0,7018,1,3,1120,1120,142953,41
898,0,3,100.0,12919,1,0,2364,0,611657,11
899,0,3,65.0,6993,1,3,1236,0,135000,59
901,0,3,64.0,8712,1,0,1306,0,153000,63
902,5,3,63.0,7875,1,3,807,702,180000,17
903,0,3,50.0,14859,1,0,1670,0,240000,14
905,0,3,80.0,9920,1,3,1063,0,128000,66
906,0,3,116.0,13501,1,0,1636,0,255000,14
907,4,3,86.0,11500,1,0,1020,1037,250000,84
909,5,3,149.0,12589,1,1,742,742,174000,15
910,10,3,80.0,11600,1,3,1105,1169,154300,60
912,1,4,51.0,6120,1,3,1015,0,88000,95
913,10,2,82.0,6270,1,3,1001,1001,145000,71
914,12,1,30.0,3000,1,3,612,612,173733,11
915,12,4,21.0,2001,1,3,546,546,75000,50
916,0,0,50.0,9000,1,3,480,0,35311,71
918,5,3,103.0,13125,1,0,912,1215,238000,29
919,0,3,87.0,11029,1,0,1414,0,176500,62
920,5,3,70.0,8462,1,0,936,785,201000,26
921,10,3,67.0,8777,1,3,1272,928,145900,120
922,0,3,65.0,10237,1,3,1316,0,169990,15
923,11,3,50.0,8012,1,3,1617,0,193000,27
924,0,3,79.0,10240,1,3,1686,0,207500,40
926,5,3,93.0,11999,1,3,1234,1140,285000,17
930,0,3,73.0,8925,1,0,1466,0,201000,13
931,0,3,70.0,9100,1,3,925,0,117500,55
932,0,3,84.0,11670,1,0,1905,0,320000,14
933,0,3,63.0,8487,1,3,1500,0,190000,16
934,0,3,313.0,27650,1,1,2069,0,242000,60
935,1,3,52.0,5825,1,0,747,0,79900,94
936,0,3,67.0,10083,1,3,1200,0,184900,17
937,5,3,75.0,9675,1,3,1113,858,253000,15
938,5,3,73.0,8760,1,3,1391,571,239799,14
940,10,3,55.0,12640,1,0,1728,0,150900,44
942,10,3,42.0,7711,1,0,1440,0,150000,43
943,10,3,100.0,25000,1,3,1632,0,143000,53
945,4,4,98.0,8820,1,3,1188,561,124900,130
946,8,3,70.0,8163,1,3,1144,0,143000,61
947,0,3,85.0,14536,1,3,1629,0,270000,18
948,5,3,65.0,14006,1,0,936,840,192500,18
949,0,3,78.0,9360,1,3,1381,0,197500,48
950,0,3,60.0,7200,1,3,864,0,129000,70
951,0,2,60.0,7800,1,3,965,0,119900,55
952,9,3,60.0,7200,1,3,768,0,133900,48
954,10,3,35.0,9400,1,0,980,0,127500,45
955,10,2,82.0,7136,1,0,979,979,145000,74
956,12,4,24.0,1300,1,3,561,668,124000,40
957,0,3,70.0,7420,1,3,1057,0,132000,58
958,0,3,65.0,8450,1,3,1337,0,185000,17
959,12,1,24.0,2572,1,3,696,720,155000,21
960,0,3,50.0,7207,1,0,858,0,116500,62
962,12,3,24.0,2308,1,3,804,744,155000,44
963,0,3,122.0,11923,1,0,1800,0,239000,13
964,5,3,80.0,11316,1,3,824,1070,214900,18
965,5,3,65.0,10237,1,3,783,701,178900,15
966,4,3,130.0,9600,1,0,976,332,160000,80
968,4,4,50.0,5925,1,3,600,368,37900,110
969,14,3,75.0,10382,1,3,1095,0,140000,62
970,4,3,60.0,10800,1,3,720,472,135000,71
971,12,3,36.0,2268,1,3,764,862,173000,17
972,11,3,55.0,7892,1,3,918,0,99500,41
973,0,1,95.0,11639,1,3,1428,0,182000,13
974,6,3,60.0,11414,1,0,1136,883,167500,110
976,1,3,51.0,5900,1,0,869,0,85500,97
977,11,1,35.0,4274,1,0,1241,0,199900,14
978,0,3,68.0,9450,1,3,894,0,110000,66
979,0,3,80.0,8816,1,3,1121,0,139000,57
981,5,3,98.0,12203,1,0,1276,1336,336000,22
982,0,3,43.0,3182,1,3,1266,0,159895,13
984,10,3,75.0,10125,1,3,1302,432,126000,43
985,14,3,68.0,10880,1,3,1164,0,125000,70
986,4,4,59.0,5310,1,3,1001,634,117000,110
987,0,3,83.0,10159,1,0,1940,0,395192,11
989,5,1,65.0,8125,1,3,778,798,197000,14
990,5,3,82.0,9452,1,3,1407,985,348000,23
991,6,4,121.0,17671,1,3,916,826,168000,138
992,5,3,80.0,9760,1,3,1020,831,187000,56
993,5,3,68.0,8846,1,3,750,750,173900,15
994,0,3,96.0,12456,1,3,1718,0,337500,14
995,4,3,51.0,4712,1,0,774,456,121600,74
998,1,4,60.0,9786,1,3,1077,0,91000,98
999,0,3,64.0,6762,1,3,1208,0,206000,14
1000,0,3,74.0,10206,1,3,944,0,82000,68
1001,1,3,60.0,5400,1,3,691,0,86000,100
1002,0,3,75.0,11957,1,0,1574,0,232000,14
1004,11,3,43.0,3182,1,3,1504,0,181000,15
1005,8,3,65.0,8385,1,3,985,0,149900,43
1007,12,4,21.0,2217,1,3,546,546,88000,50
1008,0,3,43.0,12118,1,0,1710,0,240000,16
1009,4,3,60.0,6000,1,3,1008,0,102000,94
1010,4,3,115.0,21286,1,3,720,551,135000,72
1011,10,3,75.0,9825,1,3,1664,0,100000,55
1012,6,3,55.0,10592,1,3,900,602,165000,97
1013,1,4,60.0,7200,1,3,1022,0,85000,110
1014,0,3,60.0,11664,1,3,1082,0,119200,72
1015,5,3,70.0,8400,1,3,810,855,227000,19
1016,0,3,73.0,11883,1,3,1504,0,203000,24
1019,11,3,43.0,3013,1,3,1506,0,213490,15
1020,0,3,60.0,7024,1,3,1132,0,176000,15
1021,0,3,64.0,7406,1,3,1220,0,194000,14
1022,4,4,52.0,9439,1,3,912,336,87000,90
1023,11,3,43.0,3182,1,3,1504,0,191000,15
1025,0,3,70.0,7700,1,3,882,0,112500,48
1026,0,3,73.0,9300,1,3,1264,0,167500,60
1027,0,3,71.0,9520,1,0,1646,0,293077,13
1028,4,3,79.0,9492,1,3,968,408,105000,79
1029,12,4,21.0,1680,1,3,672,546,118000,48
1031,7,3,102.0,15863,1,3,1687,998,197000,100
1034,1,3,50.0,6305,1,3,954,0,119750,82
1036,0,3,89.0,12898,1,0,1620,0,315500,13
1038,12,4,21.0,1533,1,3,798,546,97000,50
1039,13,4,21.0,1477,1,3,630,0,80000,50
1040,0,3,88.0,13125,1,3,1803,0,155000,63
1042,11,3,34.0,5381,1,0,1306,0,196000,15
1043,5,3,86.0,11839,1,3,1532,797,262280,30
1044,0,3,80.0,9600,1,3,2524,0,278000,39
1046,5,3,85.0,16056,1,0,1992,876,556581,15
1047,0,3,57.0,9245,1,1,990,0,145000,26
1048,0,3,100.0,21750,1,3,1771,0,115000,60
1049,0,3,60.0,11100,1,3,930,0,84900,74
1050,0,3,73.0,8993,1,0,1302,0,176485,13
1051,0,3,103.0,11175,1,0,1316,0,200141,13
1052,5,3,100.0,9500,1,3,1127,850,165000,56
1053,0,3,68.0,8562,1,3,1526,0,144500,63
1054,5,3,90.0,11367,1,3,1091,898,255000,18
1055,0,3,104.0,11361,1,3,1523,0,180000,44
1056,11,3,43.0,7052,1,0,1364,0,185850,15
1058,5,3,96.0,11308,1,0,1130,1054,335000,12
1060,11,3,41.0,4920,1,3,1338,0,213500,19
1061,1,0,120.0,18000,0,3,894,0,81000,85
1062,14,4,85.0,13600,1,3,1422,915,90000,120
1063,1,4,50.0,6000,1,3,1103,0,110500,95
1065,5,3,80.0,14000,1,3,1306,954,328000,24
1066,5,3,59.0,7837,1,0,799,772,178000,27
1067,5,3,80.0,9760,1,3,798,813,167900,56
1068,12,4,42.0,3964,1,3,1291,1230,151400,47
1069,3,3,60.0,9600,1,3,893,0,135000,71
1070,0,3,72.0,10152,1,3,1048,0,135000,64
1071,5,3,78.0,11700,1,3,829,727,154000,52
1072,4,3,50.0,7585,1,3,1002,454,91500,72
1073,5,3,75.0,7950,1,0,698,728,159500,43
1074,0,3,74.0,8556,1,3,1240,0,194000,14
1075,6,3,75.0,13125,1,3,960,780,219500,80
1076,4,3,60.0,10800,1,3,1096,370,170000,84
1078,11,4,37.0,4435,1,3,848,0,155900,16
1079,0,3,65.0,8775,1,3,990,0,126000,26
1080,0,3,80.0,11040,1,3,1258,0,145000,49
1081,0,3,75.0,7500,1,3,1040,0,133000,57
1082,0,3,70.0,8749,1,3,1459,0,192000,18
1083,0,3,80.0,8800,1,3,1251,0,160000,56
1085,9,3,73.0,9069,1,3,996,0,147000,28
1087,5,1,85.0,10574,1,3,1082,871,252000,15
1088,12,4,24.0,2522,1,3,970,739,137500,16
1089,11,1,37.0,3316,1,0,1247,0,197000,15
1090,10,3,60.0,8544,1,3,1040,0,92900,70
1091,12,1,24.0,2160,1,3,624,628,160000,21
1092,4,3,60.0,8400,1,3,1390,304,136500,95
1093,0,3,71.0,9230,1,3,1200,0,146000,55
1094,0,3,74.0,5868,1,3,936,0,129000,64
1095,0,3,78.0,9317,1,0,1314,0,176432,14
1096,6,4,60.0,6882,1,3,773,582,127000,106
1098,4,4,50.0,6000,1,3,757,567,128000,84
1099,0,3,82.0,11880,1,0,1601,0,157000,42
1100,1,3,60.0,8400,1,3,438,0,60000,100
1101,0,3,61.0,9758,1,0,950,0,119500,49
1102,0,3,70.0,7000,1,3,1134,0,135000,60
1103,0,3,79.0,8910,1,3,1194,0,159500,61
1104,12,4,24.0,2016,1,3,630,672,106000,50
1105,5,3,98.0,12256,1,0,1500,1122,325000,26
1106,0,3,114.0,10357,1,0,1442,0,179900,30
1107,5,3,168.0,23257,1,2,887,1134,274725,14
1109,0,3,107.0,11362,1,0,1836,0,280000,16
1111,5,3,80.0,10480,1,3,1098,866,205000,44
1112,0,3,73.0,7100,1,0,816,0,129900,63
1113,0,3,66.0,8923,1,3,1008,0,134500,67
1114,0,3,90.0,5400,1,3,833,0,117000,66
1115,0,3,93.0,12085,1,3,1734,0,318000,13
1117,0,3,57.0,9764,1,0,894,0,130000,53
1118,8,3,85.0,13825,1,3,1021,580,140000,62
1119,0,3,70.0,7560,1,3,1040,0,133700,61
1120,1,4,59.0,8263,1,3,1012,0,118400,100
1121,0,3,84.0,10084,1,3,1552,0,212900,15
1123,0,3,50.0,9405,1,3,698,0,118000,73
1125,0,3,60.0,10434,1,3,1005,0,115000,65
1126,11,3,53.0,3684,1,3,1555,0,174000,13
1127,0,3,182.0,14572,1,2,1530,0,259000,16
1128,5,3,59.0,11796,1,0,847,1112,215000,16
1129,10,4,60.0,7200,1,3,936,0,140000,40
1130,4,3,65.0,7804,1,3,1328,653,135000,92
1131,0,3,63.0,10712,1,3,974,0,93500,29
1132,6,4,90.0,9900,1,3,1178,1032,117500,140
1133,5,3,80.0,9828,1,0,1142,878,239500,25
1134,5,3,57.0,8773,1,0,916,684,169000,23
1135,1,4,60.0,6180,1,3,986,0,102000,94
1136,4,3,80.0,9600,1,3,1032,220,119000,70
1137,4,3,54.0,6342,1,3,780,240,94000,145
1139,1,3,98.0,8731,1,0,1167,0,144000,100
1140,0,3,60.0,7350,1,3,952,0,139000,69
1142,5,3,77.0,9965,1,3,1466,1362,424870,14
1144,14,3,60.0,12180,1,3,672,252,80000,79
1145,4,4,52.0,6240,1,3,1042,534,149000,92
1147,6,3,75.0,12000,1,3,860,704,174500,79
1149,6,4,50.0,9000,1,3,832,650,143000,100
1150,0,3,57.0,8280,1,0,932,0,124000,70
1151,0,3,134.0,17755,1,3,1466,0,149900,61
1152,0,3,90.0,14115,1,0,1811,0,230000,64
1155,0,3,90.0,10768,1,0,1437,0,218000,44
1156,8,3,85.0,9350,1,3,1265,0,179900,55
1157,11,3,34.0,5001,1,0,1314,0,230000,13
1158,0,3,92.0,11932,1,3,1580,0,235128,13
1159,5,3,76.0,9120,1,3,943,933,185000,46
1160,12,3,24.0,2280,1,3,855,601,146000,42
1162,0,3,109.0,8724,1,3,894,0,129000,52
1163,10,3,60.0,12900,1,3,1258,0,108959,51
1165,0,3,79.0,9541,1,0,1502,0,233170,11
1166,0,3,64.0,10475,1,0,1694,0,245350,12
1167,5,3,58.0,10852,1,0,959,712,173000,20
1168,6,3,120.0,13728,1,3,1236,872,235000,85
1169,5,3,118.0,35760,1,0,1831,1796,625000,25
1170,8,3,76.0,9880,1,3,1118,0,171000,43
1171,0,3,76.0,9120,1,3,1261,0,163000,62
1172,12,1,35.0,4017,1,0,625,625,171900,14
1173,4,3,138.0,18030,1,0,1636,971,200500,74
1174,6,3,80.0,16560,1,0,1170,1175,239000,88
1175,4,3,85.0,10678,1,3,2129,743,285000,28
1176,0,3,37.0,6951,1,0,923,0,119500,36
1178,4,3,54.0,7681,1,0,820,523,154900,99
1179,0,3,77.0,8335,1,3,1124,0,93000,66
1181,11,4,64.0,5587,1,0,1652,0,392500,12
1182,5,3,160.0,15623,1,0,2411,2065,745000,24
1183,1,3,60.0,10800,1,3,1130,0,120000,100
1184,0,3,50.0,35133,0,3,1572,0,186700,57
1185,4,3,60.0,9738,1,3,949,272,104900,96
1186,14,3,107.0,10615,1,0,1014,685,95000,120
1187,0,3,89.0,12461,1,3,1624,0,262000,26
1188,5,3,68.0,8935,1,0,831,829,195000,18
1189,5,3,60.0,7500,1,3,1028,776,189000,21
1191,12,1,24.0,2645,1,3,764,677,174000,21
1192,4,4,60.0,9600,1,3,842,630,125000,95
1194,5,3,80.0,9364,1,3,663,689,158000,51
1195,5,3,51.0,8029,1,0,728,728,176000,15
1196,5,3,58.0,14054,1,0,879,984,219210,14
1197,7,4,65.0,8850,1,0,815,875,144000,104
1198,0,3,70.0,9100,1,3,1212,0,178000,19
1199,0,3,75.0,11235,1,3,1382,0,148000,57
1200,0,3,71.0,9353,1,3,864,0,116050,50
1201,5,3,80.0,10400,1,3,866,913,197900,22
1202,4,4,50.0,6000,1,3,884,464,117000,95
1203,0,3,75.0,9750,1,3,1630,0,213000,20
1204,0,3,78.0,10140,1,3,1074,0,153500,45
1205,0,3,90.0,14684,1,0,2196,0,271900,30
1207,0,3,70.0,9135,1,3,1700,0,200000,17
1208,0,3,70.0,7763,1,3,1283,0,140000,58
1209,0,3,85.0,10182,1,0,1660,0,290000,14
1210,5,3,70.0,11218,1,3,1055,790,189000,28
1211,4,3,152.0,12134,1,0,1080,672,164000,32
1212,1,3,50.0,9340,1,3,672,0,113000,79
1214,9,3,69.0,10205,1,0,999,0,134500,58
1215,0,3,99.0,7094,1,0,894,0,125000,54
1216,10,4,68.0,8930,1,3,1318,584,112000,42
1217,0,1,72.0,8640,1,3,1314,0,229456,11
1218,4,4,52.0,6240,1,3,672,240,80500,73
1219,12,4,21.0,1680,1,3,672,546,91500,49
1220,0,3,66.0,7800,1,0,912,0,115000,56
1221,0,3,55.0,8250,1,3,1211,0,134000,52
1222,4,3,78.0,10496,1,3,1168,678,143000,71
1223,0,3,89.0,10680,1,3,2136,0,137900,69
1224,5,3,60.0,15384,1,0,788,702,184000,16
1225,8,3,65.0,10482,1,3,1138,0,145000,62
1226,5,3,86.0,14598,1,0,894,1039,214000,13
1227,0,3,72.0,8872,1,3,912,0,147000,55
1228,11,3,65.0,8769,1,3,1702,0,367294,12
1229,8,3,70.0,7910,1,3,1507,0,127000,60
1231,10,3,70.0,7728,1,3,1190,0,132500,58
1232,10,3,70.0,9842,1,3,1224,0,101800,58
1234,6,2,55.0,8525,1,3,1024,940,130000,109
1235,6,3,96.0,13132,1,3,892,892,138887,106
1236,12,3,36.0,2628,1,3,764,862,175500,17
1237,5,3,41.0,12393,1,1,847,1101,195000,16
1238,0,3,63.0,13072,1,3,1141,0,142500,15
1239,0,3,64.0,9037,1,0,1484,0,265900,14
1240,5,3,65.0,8158,1,3,884,884,224900,17
1241,0,3,83.0,9849,1,3,1689,0,248328,13
1242,9,3,85.0,10625,1,3,1173,0,170000,46
1243,0,3,107.0,13891,1,3,2076,0,465000,14
1245,8,3,78.0,12090,1,3,1140,728,178000,36
1246,5,1,65.0,8125,1,3,756,797,186500,15
1248,7,4,60.0,9600,1,3,1134,924,129500,103
1249,0,3,60.0,7200,1,3,988,0,119000,70
1250,0,3,93.0,11160,1,3,2110,0,244000,52
1252,0,3,62.0,9858,1,3,874,0,130000,52
1254,5,3,60.0,6931,1,3,760,896,165400,17
1255,4,4,52.0,6240,1,3,959,408,127500,89
1256,0,3,91.0,14303,1,0,1987,0,301500,26
1257,1,3,56.0,4060,1,3,864,0,99900,98
1258,8,3,59.0,9587,1,0,1166,0,190000,15
1259,0,3,65.0,9750,1,3,1054,0,151000,51
1261,0,3,80.0,9600,1,3,1050,0,128900,64
1263,6,3,60.0,13515,1,3,1060,764,180500,101
1264,11,2,34.0,4060,1,3,1337,0,181000,22
1265,12,1,35.0,3735,1,3,713,739,183900,21
1266,14,4,60.0,10120,1,0,964,925,122000,110
1267,0,3,89.0,13214,1,0,2018,0,378500,12
1269,4,3,78.0,11344,1,3,874,650,144000,62
1273,8,3,124.0,11512,1,0,1357,0,177000,61
1274,4,3,53.0,5362,1,3,661,589,139000,110
1275,10,3,95.0,11345,1,3,928,992,137000,72
1278,5,3,75.0,9473,1,3,1128,903,237000,18
1279,4,0,60.0,7500,1,3,698,430,68400,100
1280,0,3,67.0,9808,1,0,1573,0,227000,18
1281,0,3,50.0,8049,1,0,1339,0,180000,30
1282,0,3,61.0,8800,1,0,1040,0,150500,43
1283,10,3,94.0,9400,1,3,912,912,139000,49
1284,4,3,50.0,9638,1,3,1699,748,169000,101
1285,4,4,50.0,6000,1,3,825,587,132500,81
1288,11,3,40.0,5664,1,0,1659,0,278000,20
1289,5,3,86.0,11065,1,0,1120,850,281000,14
1291,12,4,21.0,1680,1,3,630,672,119500,48
1292,6,4,60.0,6600,1,3,1378,994,107500,128
1293,5,3,78.0,10140,1,3,832,832,162900,44
1294,0,3,60.0,8172,1,3,864,0,115000,65
1295,0,3,70.0,8400,1,3,1052,0,138500,52
1296,0,3,80.0,8700,1,3,1128,0,155000,57
1297,13,4,35.0,3675,1,3,1072,0,140000,15
1298,5,3,313.0,63887,1,2,4692,950,160000,12
1299,0,3,75.0,7500,1,3,1246,0,154000,61
1302,5,3,92.0,10120,1,3,1203,1323,290000,26
1303,0,3,73.0,8688,1,3,1616,0,232000,15
1304,12,4,32.0,3363,1,3,976,732,130000,16
1305,0,3,108.0,13173,1,0,1652,0,325000,14
1306,11,3,48.0,6955,1,0,1368,0,202500,15
1307,0,3,60.0,8072,1,3,990,0,138000,26
1308,0,4,100.0,12000,1,3,1122,0,147000,72
1310,0,3,100.0,17500,1,3,1902,0,335000,61
1311,0,3,68.0,8814,1,3,1274,0,203000,15
1313,5,3,108.0,14774,1,0,1422,1177,333168,21
1314,0,3,60.0,8190,1,3,948,0,119000,66
1315,5,3,85.0,11075,1,3,1092,1020,206900,51
1316,0,3,61.0,10226,1,0,1630,0,295493,12
1317,11,1,47.0,4230,1,3,1352,0,208900,14
1319,0,3,75.0,10215,1,3,948,0,111000,66
1320,0,3,70.0,8400,1,3,1478,0,156500,63
1322,5,3,107.0,10186,1,0,1061,862,190000,28
1323,1,3,50.0,5330,1,3,708,0,82500,80
1324,0,3,75.0,9986,1,3,1795,0,147000,14
1325,1,4,40.0,3636,1,3,796,0,55000,98
1326,1,2,70.0,4270,1,3,774,0,79000,89
1327,0,3,60.0,6600,1,3,816,0,130500,38
1328,4,4,60.0,10440,1,3,1584,1208,256000,100
1329,5,3,63.0,9084,1,0,955,677,176500,22
1330,0,3,85.0,10000,1,3,1588,0,227000,14
1331,8,3,55.0,10780,1,0,954,0,132500,44
1332,0,3,67.0,8877,1,3,816,0,100000,82
1333,4,4,60.0,7200,1,3,803,557,125500,82
1334,12,4,24.0,2368,1,3,765,600,125000,50
1335,0,3,80.0,9650,1,3,1334,0,167900,43
1336,10,3,87.0,9246,1,0,1656,0,135000,47
1337,1,4,153.0,4118,1,0,693,0,52500,79
1338,5,3,95.0,13450,1,0,920,941,200000,18
1339,0,3,120.0,9560,1,0,864,0,128500,48
1340,0,3,70.0,8294,1,3,872,0,123000,49
1341,0,3,66.0,13695,1,3,1114,0,155000,17
1343,4,3,57.0,7558,1,3,1172,741,177000,92
1344,5,3,85.0,11103,1,0,728,728,155835,14
1345,1,4,50.0,6000,1,3,960,0,108500,100
1347,0,3,93.0,15306,1,0,1776,0,283463,14
1349,6,4,50.0,5250,1,3,938,1215,122000,148
1350,10,3,91.0,11643,1,3,1338,1296,200000,51
1351,5,3,70.0,9247,1,0,858,858,171000,58
1352,4,4,50.0,6000,1,3,786,390,134900,83
1353,4,3,56.0,14720,1,0,2053,1185,410000,25
1355,8,3,102.0,10192,1,0,1222,698,170000,52
1359,0,3,129.0,16737,1,3,1980,0,315000,16
1360,6,3,51.0,9842,1,3,990,1611,189000,99
1361,0,3,124.0,16158,1,0,1530,0,260000,15
1363,5,3,73.0,8499,1,0,616,796,156932,14
1364,12,1,30.0,3180,1,3,520,600,144152,15
1366,5,3,68.0,9179,1,0,882,908,193000,21
1367,12,4,41.0,2665,1,3,925,550,127000,43
1369,0,3,48.0,10635,1,1,1668,0,232000,17
1370,4,3,90.0,5400,1,3,840,534,105000,100
1371,8,3,80.0,9600,1,3,1661,0,165500,65
1372,5,3,75.0,9750,1,3,1108,989,274300,22
1374,5,1,85.0,10625,1,3,1026,932,250000,15
1375,0,3,89.0,10991,1,0,1571,0,239000,13
1376,1,3,52.0,6292,1,3,790,0,91000,90
1377,4,3,60.0,10998,1,3,984,620,117000,79
1378,12,4,21.0,1953,1,3,483,504,83000,47
1379,8,3,73.0,9735,1,3,754,640,167500,14
1380,1,3,45.0,8212,1,3,864,0,58500,106
1382,6,4,60.0,7200,1,3,998,764,157000,100
1384,4,3,60.0,9060,1,3,698,560,105000,81
1385,4,4,40.0,5436,1,3,796,358,125500,98
1386,5,3,80.0,16692,1,0,1392,1392,250000,42
1387,4,4,60.0,8520,1,3,1664,862,136000,104
1388,0,3,42.0,14892,1,0,1746,0,377500,14
1389,4,4,60.0,6000,1,3,869,349,131000,79
1390,0,3,70.0,9100,1,3,1525,0,235000,20
1391,10,3,65.0,8944,1,3,1584,0,124000,53
1392,9,3,68.0,7838,1,3,900,0,123000,53
1393,14,4,60.0,10800,1,3,1221,691,163000,115
1394,11,3,53.0,4045,1,3,1500,0,246578,14
1395,5,3,88.0,12665,1,0,1133,1349,281213,15
1397,6,4,51.0,6120,1,3,939,574,137500,100
1398,4,3,60.0,7200,1,3,1136,768,138000,70
1399,4,3,51.0,6171,1,3,1160,448,137450,95
1400,4,4,50.0,6000,1,3,950,208,120000,91
1401,5,3,62.0,7415,1,0,864,729,193000,16
1402,0,3,64.0,6762,1,3,1294,0,193879,14
1403,0,3,49.0,15256,1,0,1464,0,282922,13
1404,4,3,60.0,10410,1,3,694,520,105000,105
1405,11,4,44.0,3842,1,0,1646,0,275000,16
1406,9,3,70.0,8445,1,3,768,0,133000,48
1408,6,4,60.0,7740,1,3,741,622,125500,110
1409,5,3,46.0,20544,1,0,1236,857,215000,34
1410,5,3,79.0,12420,1,3,944,896,230000,19
1411,4,3,80.0,9600,1,3,1112,556,140000,70
1412,10,3,60.0,7200,1,3,1040,0,90000,71
1413,0,3,88.0,10994,1,0,1844,0,257000,15
1414,4,3,64.0,13053,1,3,1053,795,207000,97
1415,11,3,51.0,3635,1,3,1569,0,175900,13
1416,14,4,60.0,11340,1,3,1246,1044,122500,135
1418,0,3,71.0,9204,1,3,1144,0,124000,57
1420,5,3,90.0,11700,1,3,708,708,179900,52
1421,11,3,53.0,4043,1,3,1069,0,127500,43
1422,11,4,37.0,4435,1,3,848,0,136500,17
1425,0,3,80.0,10721,1,0,1252,0,142000,61
1426,5,3,81.0,10944,1,0,1223,904,271000,26
1427,4,3,60.0,10930,1,3,1048,510,140000,75
1428,1,4,60.0,7200,1,3,804,0,119000,80
1430,5,3,60.0,21930,1,2,734,1104,192140,15
1432,1,3,60.0,10800,1,3,968,0,64500,93
1433,5,3,93.0,10261,1,0,962,830,186500,20
1434,0,3,80.0,17400,1,3,1126,0,160000,43
1435,0,3,80.0,8400,1,3,1537,0,174000,58
1436,0,3,60.0,9000,1,3,864,0,120500,49
1437,0,3,96.0,12444,1,3,1932,0,394617,12
1438,0,4,90.0,7407,1,3,1236,0,149700,63
1439,5,3,80.0,11584,1,3,1040,685,197000,41
1440,6,3,79.0,11526,1,0,1423,748,191000,98
1442,5,1,85.0,11003,1,3,1026,981,310000,12
1444,0,3,63.0,8500,1,3,1422,0,179600,16
1445,9,3,70.0,8400,1,3,913,0,129000,54
1447,5,3,80.0,10000,1,3,1220,870,240000,25
1448,4,3,70.0,11767,1,3,796,550,112000,110
1449,13,4,21.0,1533,1,3,630,0,92000,50
1450,10,3,60.0,9000,1,3,896,896,136000,46
1451,0,3,78.0,9262,1,3,1578,0,287090,12
1452,13,4,35.0,3675,1,3,1072,0,145000,15
1453,0,3,90.0,17217,1,3,1140,0,84500,14
1454,0,1,62.0,7500,1,3,1221,0,185000,16
1455,5,3,62.0,7917,1,3,953,694,175000,21
1456,0,3,85.0,13175,1,3,2073,0,210000,42
1457,6,3,66.0,9042,1,3,1188,1152,266500,79
1458,0,3,68.0,9717,1,3,1078,0,142125,70
1459,0,3,75.0,9937,1,3,1256,0,147500,55
